595.687,1006
595.7,1006
595.713,1002
595.726,1002
595.739,1006
595.752,1002
595.765,1002
595.778,1000
595.791,1002
595.805,1002
595.817,1002
595.831,1002
595.844,1002
595.856,1002
595.869,1002
595.882,1002
595.897,1002
595.908,1002
595.921,1002
595.934,1002
595.947,1002
595.96,1006
595.973,1006
595.986,1002
596,1002
596.012,1002
596.024,1002
596.037,1002
596.051,1002
596.064,1002
596.077,1002
596.089,1006
596.102,1002
596.115,1006
596.128,1002
596.141,1002
596.154,1006
596.167,1006
596.18,1002
596.194,1002
596.206,1002
596.219,1010
596.232,1002
596.245,1002
596.258,1002
596.27,1002
596.283,1002
596.297,1002
596.31,1002
596.322,1002
596.335,1002
596.348,1002
596.362,1002
596.374,1006
596.387,1006
596.4,1002
596.413,1002
596.427,1002
596.439,1002
596.452,1006
596.465,1002
596.478,1002
596.49,1002
596.504,1002
596.517,1002
596.53,1006
596.543,1002
596.556,1002
596.568,1006
596.582,1006
596.595,1002
596.607,1006
596.62,1002
596.633,1002
596.647,1006
596.659,1006
596.672,1006
596.685,1002
596.698,1006
596.711,1002
596.724,1002
596.737,1006
596.75,1006
596.763,1002
596.776,1006
596.788,1006
596.802,1002
596.815,1002
596.828,1002
596.84,1002
596.853,1006
596.866,1006
596.879,1002
596.892,1002
596.905,1002
596.918,1006
596.931,1006
596.944,1002
596.957,1006
596.97,1006
596.983,1002
596.996,1006
597.009,1002
597.021,1006
597.034,1002
597.047,1002
597.061,1002
597.073,1002
597.086,1002
597.099,1002
597.112,1006
597.125,1006
597.138,1002
597.151,1006
597.164,1002
597.177,1006
597.19,1006
597.203,1002
597.216,1002
597.229,1010
597.242,1002
597.255,1002
597.268,1002
597.281,1002
597.294,1002
597.307,1002
597.32,1006
597.333,1006
597.346,1006
597.359,1010
597.372,1006
597.385,1006
597.398,1002
597.411,1006
597.424,1002
597.437,1002
597.45,1002
597.463,1002
597.475,1002
597.488,1006
597.501,1002
597.515,1002
597.527,1002
597.54,1002
597.553,1002
597.566,1002
597.579,1020
597.592,1002
597.605,1006
597.618,1002
597.631,1002
597.647,1006
597.657,1002
597.67,1002
597.683,1002
597.696,1002
597.709,1002
597.722,1006
597.735,1002
597.748,1002
597.76,1006
597.773,1002
597.787,1006
597.8,1006
597.813,1002
597.826,1002
597.839,1006
597.852,1002
597.865,1002
597.877,1002
597.89,1002
597.915,1002
597.916,1002
597.929,1010
597.942,1002
597.956,1006
597.969,1006
597.982,1002
597.995,1002
598.008,1002
598.021,1006
598.034,1002
598.047,1002
598.06,1002
598.073,1002
598.086,1006
598.099,1002
598.112,1006
598.125,1002
598.138,1002
598.151,1006
598.163,1002
598.176,1006
598.189,1002
598.203,1002
598.215,1002
598.228,1002
598.241,1006
598.255,1002
598.268,1002
598.28,1002
598.293,1002
598.306,1002
598.32,1006
598.332,1002
598.345,1002
598.358,1002
598.371,1002
598.384,1006
598.397,1006
598.41,1006
598.423,1002
598.436,1006
598.449,1000
598.462,1002
598.475,1002
598.488,1002
598.501,1002
598.513,1006
598.526,1006
598.539,1006
598.553,1002
598.566,1002
598.578,1020
598.592,1006
598.605,1002
598.618,1002
598.631,1002
598.643,1002
598.656,1006
598.67,1006
598.682,1002
598.695,1006
598.708,1002
598.721,1002
598.735,1006
598.747,1006
598.76,1002
598.773,1002
598.786,1002
598.799,1002
598.812,1002
598.825,1002
598.838,1002
598.852,1002
598.865,1002
598.877,1002
598.89,1002
598.904,1002
598.917,1002
598.93,1002
598.943,1002
598.956,1006
598.969,1006
598.982,1002
598.995,1002
599.008,1002
599.021,1002
599.034,1002
599.047,1002
599.06,1006
599.073,1002
599.086,1006
599.099,1002
599.112,1006
599.124,1002
599.137,1006
599.151,1002
599.163,1002
599.176,1002
599.189,1006
599.202,1002
599.215,1006
599.228,1002
599.241,1006
599.254,1006
599.267,1002
599.28,1002
599.293,1002
599.306,1006
599.319,1010
599.332,1002
599.344,1006
599.357,1002
599.371,1002
599.384,1006
599.396,1002
599.409,1006
599.422,1006
599.435,1002
599.448,1002
599.461,1002
599.474,1068
599.487,1002
599.5,1002
599.513,1002
599.525,1002
599.539,1002
599.552,1006
599.564,1002
599.577,1002
599.59,1006
599.603,1002
599.616,1002
599.629,1006
599.642,1002
599.657,1006
599.668,1002
599.681,1002
599.694,1002
599.707,1002
599.724,1006
599.733,1002
599.746,1006
599.759,1002
599.772,1002
599.784,1006
599.797,1002
599.811,1002
599.823,1002
599.837,1006
599.849,1006
599.864,1002
599.875,1006
599.888,1002
599.901,1006
599.914,1002
599.927,1006
599.94,1002
599.953,1006
599.965,1002
599.979,1002
599.992,1002
600.005,1006
600.018,1002
600.031,1002
600.045,1002
600.057,1006
600.07,1006
600.094,1006
600.096,1002
600.109,1002
600.128,1002
600.134,1002
600.154,1002
600.162,1002
600.174,1002
600.187,1006
600.201,1006
600.213,1002
600.225,1002
600.249,1006
600.257,1002
600.281,1006
600.281,1006
600.291,1006
600.306,1002
600.316,1002
600.333,1006
600.343,1006
600.355,1002
600.368,1006
600.382,1002
600.398,1002
600.422,1002
600.422,1006
600.433,1002
600.446,1006
600.459,1002
600.472,1002
600.485,1002
600.498,1002
600.511,1002
600.524,1002
600.537,1006
600.55,1002
600.563,1002
600.577,1002
600.59,1006
600.608,1006
600.615,1006
600.63,1002
600.641,1006
600.654,1002
600.667,1002
600.681,1002
600.694,1002
600.708,1002
600.719,1006
600.732,1002
600.745,1002
600.758,1002
600.771,1002
600.784,1002
600.797,1002
600.815,1006
600.823,1006
600.835,1002
600.848,1002
600.862,1002
600.874,1002
600.888,1006
600.901,1002
600.914,1002
600.927,1002
600.939,1006
600.953,1006
600.965,1002
600.979,1010
600.992,1002
601.005,1002
601.018,1006
601.031,1002
601.044,1006
601.057,1002
601.07,1002
601.084,1002
601.097,1006
601.11,1006
601.122,1006
601.135,1002
601.148,1002
601.161,1006
601.174,1002
601.187,1006
601.2,1002
601.213,1002
601.226,1002
601.239,1006
601.252,1002
601.265,1002
601.278,1002
601.291,1002
601.304,1002
601.317,1002
601.33,1006
601.343,1006
601.356,1002
601.369,1002
601.382,1006
601.395,1002
601.408,1002
601.421,1006
601.434,1002
601.447,1002
601.46,1006
601.472,1002
601.485,1002
601.498,1002
601.512,1002
601.524,1002
601.537,1002
601.55,1002
601.563,1002
601.577,1006
601.589,1006
601.602,1002
601.615,1002
601.628,1002
601.641,1002
601.654,1002
601.667,1006
601.681,1006
601.694,1002
601.706,1006
601.719,1002
601.733,1002
601.746,1002
601.758,1002
601.771,1002
601.784,1002
601.797,1002
601.811,1002
601.823,1002
601.836,1002
601.849,1006
601.862,1002
601.875,1002
601.888,1002
601.901,1002
601.914,1002
601.927,1002
601.94,1002
601.953,1006
601.966,1002
601.979,1016
601.991,1002
602.004,1002
602.017,1006
602.031,1002
602.044,1002
602.056,1002
602.069,1006
602.082,1002
602.095,1002
602.108,1006
602.121,1002
602.134,1002
602.147,1002
602.16,1002
602.173,1002
602.186,1006
602.199,1006
602.212,1002
602.225,1006
602.238,1002
602.251,1002
602.264,1006
602.277,1006
602.289,1006
602.302,1002
602.315,1002
602.329,1006
602.342,1006
602.354,1002
602.367,1002
602.38,1002
602.394,1002
602.406,1006
602.419,1006
602.432,1006
602.445,1002
602.458,1006
602.471,1002
602.484,1006
602.497,1002
602.51,1002
602.523,1006
602.535,1006
602.549,1002
602.562,1006
602.574,1002
602.587,1006
602.6,1006
602.613,1002
602.627,1002
602.639,1010
602.652,1006
602.665,1006
602.679,1016
602.692,1002
602.705,1002
602.718,1006
602.73,1002
602.744,1006
602.756,1006
602.769,1006
602.782,1002
602.795,1002
602.808,1006
602.821,1002
602.834,1006
602.847,1006
602.86,1002
602.873,1002
602.886,1002
602.899,1006
602.912,1002
602.924,1006
602.937,1002
602.95,1002
602.963,1002
602.977,1006
602.989,1006
603.002,1006
603.015,1002
603.029,1002
603.042,1006
603.055,1006
603.068,1006
603.081,1002
603.094,1002
603.106,1002
603.12,1002
603.132,1002
603.146,1002
603.158,1006
603.171,1006
603.184,1002
603.197,1002
603.21,1002
603.223,1002
603.236,1002
603.249,1002
603.263,1002
603.275,1006
603.288,1002
603.301,1002
603.314,1002
603.328,1002
603.34,1006
603.353,1006
603.366,1002
603.379,1006
603.392,1002
603.405,1006
603.418,1006
603.431,1006
603.444,1002
603.457,1002
603.47,1002
603.483,1006
603.496,1002
603.509,1006
603.521,1002
603.535,1002
603.548,1002
603.561,1002
603.574,1002
603.587,1002
603.6,1006
603.613,1006
603.626,1002
603.638,1002
603.651,1002
603.664,1002
603.677,1002
603.69,1002
603.703,1006
603.717,1006
603.73,1006
603.743,1006
603.756,1002
603.769,1002
603.782,1002
603.795,1006
603.808,1002
603.821,1002
603.834,1006
603.847,1002
603.86,1006
603.872,1006
603.886,1002
603.898,1006
603.912,1006
603.924,1002
603.937,1002
603.95,1002
603.964,1006
603.976,1006
603.989,1006
604.003,1002
604.016,1002
604.029,1002
604.041,1002
604.055,1006
604.067,1002
604.08,1002
604.094,1002
604.106,1002
604.119,1006
604.132,1002
604.145,1002
604.158,1002
604.171,1002
604.184,1002
604.197,1006
604.21,1006
604.223,1002
604.236,1002
604.249,1002
604.262,1002
604.275,1006
604.288,1006
604.301,1002
604.314,1002
604.327,1002
604.34,1006
604.353,1006
604.366,1006
604.379,1006
604.391,1006
604.404,1002
604.417,1002
604.431,1002
604.444,1002
604.456,1002
604.469,1002
604.482,1002
604.495,1002
604.508,1002
604.521,1002
604.534,1002
604.547,1002
604.56,1006
604.573,1006
604.586,1006
604.599,1006
604.613,1006
604.626,1002
604.638,1006
604.651,1002
604.664,1006
604.678,1002
604.69,1002
604.703,1002
604.716,1002
604.729,1006
604.742,1006
604.755,1002
604.768,1002
604.781,1002
604.794,1006
604.807,1006
604.82,1006
604.833,1002
604.846,1002
604.859,1002
604.872,1002
604.885,1006
604.898,1002
604.911,1006
604.923,1002
604.937,1006
604.95,1002
604.963,1006
604.975,1002
604.988,1006
605.001,1002
605.014,1006
605.028,1002
605.04,1006
605.054,1002
605.067,1006
605.08,1006
605.093,1002
605.105,1002
605.118,1006
605.131,1002
605.145,1006
605.157,1002
605.17,1006
605.183,1002
605.196,1002
605.209,1002
605.222,1006
605.235,1002
605.248,1006
605.261,1002
605.274,1006
605.287,1006
605.3,1002
605.313,1002
605.326,1002
605.339,1002
605.352,1006
605.364,1006
605.377,1006
605.39,1002
605.403,1006
605.416,1002
605.43,1010
605.442,1002
605.455,1002
605.468,1006
605.481,1002
605.494,1002
605.507,1002
605.519,1002
605.533,1006
605.546,1002
605.558,1002
605.572,1002
605.584,1002
605.597,1002
605.611,1002
605.623,1006
605.636,1002
605.649,1006
605.662,1002
605.675,1006
605.688,1002
605.701,1006
605.714,1002
605.727,1002
605.74,1006
605.753,1002
605.766,1006
605.779,1002
605.791,1006
605.804,1006
605.817,1002
605.831,1002
605.843,1006
605.856,1006
605.869,1006
605.882,1006
605.895,1002
605.908,1002
605.921,1006
605.934,1002
605.947,1002
605.96,1006
605.973,1006
605.986,1002
605.999,1002
606.012,1006
606.024,1006
606.037,1002
606.05,1006
606.064,1006
606.077,1002
606.09,1006
606.103,1006
606.116,1002
606.129,1002
606.141,1002
606.154,1002
606.167,1002
606.18,1006
606.194,1006
606.206,1002
606.219,1010
606.232,1006
606.246,1006
606.258,1006
606.271,1006
606.284,1002
606.297,1006
606.31,1002
606.323,1006
606.336,1002
606.349,1006
606.362,1002
606.375,1002
606.388,1006
606.401,1006
606.414,1002
606.427,1006
606.44,1006
606.452,1002
606.465,1002
606.479,1006
606.491,1002
606.504,1002
606.518,1002
606.531,1002
606.545,1002
606.557,1006
606.57,1002
606.583,1002
606.596,1002
606.609,1010
606.622,1002
606.635,1002
606.648,1006
606.661,1002
606.674,1002
606.687,1002
606.699,1006
606.713,1002
606.725,1006
606.738,1002
606.751,1002
606.764,1002
606.777,1006
606.791,1006
606.804,1002
606.817,1002
606.83,1006
606.843,1006
606.856,1006
606.869,1006
606.881,1002
606.895,1002
606.907,1002
606.92,1002
606.933,1006
606.947,1002
606.959,1006
606.972,1002
606.985,1002
606.998,1006
607.012,1006
607.024,1002
607.037,1002
607.05,1006
607.063,1002
607.076,1006
607.089,1006
607.102,1002
607.115,1002
607.129,1002
607.141,1002
607.154,1002
607.167,1002
607.18,1006
607.193,1002
607.206,1006
607.219,1006
607.232,1006
607.245,1006
607.258,1002
607.271,1002
607.284,1002
607.297,1002
607.309,1002
607.322,1006
607.335,1002
607.348,1006
607.362,1002
607.374,1006
607.387,1002
607.401,1002
607.414,1002
607.427,1006
607.44,1006
607.453,1002
607.466,1006
607.48,1002
607.492,1002
607.505,1002
607.518,1002
607.531,1006
607.545,1002
607.557,1006
607.57,1006
607.584,1002
607.597,1002
607.61,1006
607.623,1006
607.636,1002
607.649,1002
607.662,1006
607.675,1002
607.688,1006
607.701,1002
607.714,1006
607.727,1006
607.74,1006
607.753,1002
607.765,1002
607.779,1002
607.791,1002
607.804,1002
607.817,1006
607.83,1006
607.844,1002
607.856,1002
607.869,1002
607.882,1006
607.895,1002
607.908,1002
607.921,1006
607.934,1006
607.947,1002
607.96,1006
607.972,1002
607.985,1006
607.998,1006
608.012,1002
608.024,1002
608.037,1002
608.05,1002
608.063,1006
608.076,1006
608.089,1006
608.102,1002
608.115,1002
608.129,1006
608.141,1002
608.154,1006
608.167,1002
608.18,1006
608.193,1002
608.206,1002
608.219,1006
608.232,1002
608.245,1002
608.258,1002
608.271,1002
608.284,1006
608.297,1002
608.31,1006
608.322,1002
608.335,1006
608.348,1002
608.361,1006
608.374,1006
608.387,1002
608.4,1006
608.413,1006
608.426,1002
608.439,1006
608.452,1006
608.465,1006
608.478,1006
608.491,1002
608.504,1002
608.516,1002
608.53,1006
608.542,1002
608.555,1002
608.568,1002
608.581,1002
608.595,1002
608.607,1002
608.62,1006
608.633,1002
608.646,1002
608.659,1006
608.672,1002
608.685,1002
608.698,1006
608.711,1006
608.724,1006
608.737,1006
608.749,1006
608.762,1002
608.775,1002
608.788,1002
608.801,1006
608.814,1002
608.827,1002
608.84,1006
608.853,1002
608.866,1002
608.88,1016
608.892,1002
608.905,1006
608.918,1002
608.931,1006
608.944,1006
608.957,1002
608.97,1002
608.983,1002
608.996,1002
609.009,1002
609.022,1002
609.034,1006
609.047,1002
609.061,1006
609.073,1006
609.086,1002
609.099,1006
609.112,1002
609.125,1002
609.138,1002
609.151,1002
609.165,1006
609.178,1006
609.191,1002
609.204,1006
609.217,1002
609.23,1002
609.243,1006
609.256,1006
609.269,1006
609.282,1002
609.295,1002
609.308,1002
609.321,1002
609.334,1002
609.347,1002
609.36,1002
609.372,1002
609.385,1002
609.399,1002
609.412,1002
609.424,1002
609.437,1002
609.45,1006
609.463,1006
609.477,1002
609.489,1006
609.502,1006
609.515,1002
609.529,1002
609.541,1002
609.554,1002
609.567,1006
609.58,1006
609.594,1002
609.606,1002
609.619,1006
609.632,1002
609.645,1002
609.658,1006
609.67,1002
609.684,1006
609.697,1002
609.71,1006
609.722,1002
609.735,1002
609.749,1002
609.762,1006
609.775,1006
609.788,1006
609.801,1006
609.814,1006
609.827,1002
609.839,1006
609.852,1006
609.865,1006
609.878,1006
609.891,1006
609.904,1002
609.917,1002
609.93,1006
609.944,1002
609.956,1006
609.969,1010
609.982,1002
609.995,1002
610.008,1002
610.021,1006
610.034,1002
610.047,1006
610.06,1002
610.073,1002
610.086,1002
610.099,1006
610.112,1002
610.125,1002
610.138,1006
610.151,1002
610.164,1006
610.177,1006
610.19,1006
610.203,1002
610.216,1002
610.23,1010
610.243,1006
610.256,1002
610.269,1002
610.282,1002
610.295,1002
610.308,1006
610.32,1002
610.333,1006
610.347,1006
610.359,1006
610.372,1002
610.386,1002
610.399,1002
610.412,1006
610.425,1002
610.438,1006
610.451,1006
610.464,1006
610.477,1006
610.49,1006
610.503,1002
610.516,1006
610.529,1002
610.542,1006
610.555,1002
610.568,1002
610.581,1002
610.594,1002
610.606,1002
610.619,1006
610.632,1002
610.646,1002
610.658,1002
610.671,1002
610.684,1002
610.697,1006
610.711,1006
610.723,1006
610.736,1006
610.749,1002
610.762,1006
610.775,1006
610.788,1002
610.801,1006
610.814,1002
610.827,1006
610.839,1006
610.852,1006
610.866,1006
610.879,1002
610.891,1002
610.904,1002
610.917,1002
610.93,1006
610.944,1006
610.956,1002
610.969,1002
610.982,1002
610.995,1002
611.008,1002
611.021,1006
611.034,1002
611.047,1002
611.06,1006
611.073,1002
611.086,1002
611.099,1006
611.112,1006
611.124,1006
611.137,1002
611.15,1002
611.164,1002
611.177,1006
611.203,1010
611.203,1006
611.234,1006
611.235,1006
611.257,1002
611.257,1006
611.268,1002
611.28,1006
611.293,1002
611.309,1002
611.319,1002
611.331,1006
611.345,1002
611.359,1002
611.37,1006
611.385,1002
611.396,1002
611.409,1002
611.422,1002
611.435,1002
611.448,1002
611.461,1002
611.474,1002
611.487,1002
611.501,1002
611.513,1006
611.526,1002
611.539,1006
611.551,1002
611.565,1002
611.578,1002
611.59,1002
611.603,1006
611.616,1002
611.629,1006
611.642,1002
611.655,1002
611.668,1002
611.681,1002
611.694,1006
611.707,1006
611.72,1006
611.733,1002
611.746,1002
611.758,1002
611.771,1002
611.784,1002
611.797,1002
611.81,1006
611.823,1006
611.836,1002
611.849,1002
611.892,1006
611.892,1002
611.892,1006
611.901,1006
611.917,1010
611.949,1002
611.949,1006
611.953,1002
611.966,1002
611.979,1016
611.992,1006
612.005,1006
612.018,1002
612.031,1002
612.044,1002
612.057,1002
612.07,1006
612.083,1006
612.096,1006
612.108,1002
612.121,1006
612.135,1002
612.148,1002
612.161,1002
612.173,1002
612.186,1002
612.199,1006
612.212,1002
612.225,1002
612.238,1002
612.251,1006
612.264,1002
612.277,1002
612.29,1006
612.303,1006
612.316,1006
612.329,1002
612.342,1006
612.355,1002
612.367,1002
612.381,1006
612.394,1006
612.406,1002
612.42,1002
612.433,1006
612.446,1002
612.459,1006
612.472,1006
612.485,1002
612.498,1002
612.511,1002
612.523,1002
612.536,1002
612.55,1006
612.563,1002
612.576,1002
612.588,1002
612.601,1002
612.614,1006
612.628,1006
612.64,1006
612.653,1006
612.666,1002
612.679,1006
612.693,1002
612.705,1002
612.718,1002
612.731,1006
612.745,1002
612.757,1002
612.77,1002
612.783,1006
612.797,1002
612.809,1002
612.822,1006
612.835,1006
612.848,1002
612.861,1006
612.874,1002
612.887,1002
612.9,1006
612.913,1006
612.926,1002
612.939,1006
612.952,1006
612.965,1006
612.978,1006
612.991,1006
613.004,1002
613.017,1006
613.031,1006
613.043,1002
613.056,1006
613.069,1002
613.082,1006
613.095,1002
613.107,1002
613.12,1002
613.133,1002
613.147,1002
613.16,1006
613.172,1006
613.185,1006
613.198,1002
613.212,1006
613.224,1002
613.237,1002
613.25,1002
613.263,1002
613.276,1002
613.289,1002
613.302,1006
613.316,1006
613.329,1002
613.341,1002
613.354,1002
613.367,1002
613.38,1010
613.394,1002
613.406,1002
613.419,1002
613.432,1006
613.445,1006
613.458,1002
613.471,1002
613.484,1006
613.497,1006
613.51,1002
613.523,1006
613.536,1002
613.549,1006
613.562,1006
613.575,1002
613.588,1006
613.601,1002
613.614,1006
613.627,1002
613.64,1006
613.653,1002
613.666,1002
613.679,1002
613.692,1006
613.705,1002
613.717,1006
613.731,1006
613.744,1002
613.756,1006
613.769,1002
613.782,1006
613.796,1006
613.808,1002
613.821,1006
613.834,1002
613.847,1002
613.86,1002
613.873,1006
613.886,1002
613.899,1006
613.912,1002
613.925,1006
613.938,1006
613.951,1006
613.964,1002
613.977,1002
613.989,1006
614.003,1006
614.016,1006
614.029,1002
614.042,1002
614.055,1002
614.068,1006
614.081,1006
614.094,1006
614.107,1006
614.119,1006
614.133,1002
614.146,1002
614.158,1002
614.171,1006
614.184,1002
614.197,1002
614.21,1006
614.223,1002
614.236,1006
614.249,1002
614.262,1006
614.275,1006
614.288,1002
614.301,1006
614.314,1006
614.327,1006
614.339,1006
614.352,1002
614.365,1002
614.378,1006
614.391,1002
614.404,1006
614.417,1002
614.43,1006
614.443,1002
614.456,1002
614.469,1006
614.482,1002
614.495,1006
614.508,1006
614.521,1006
614.533,1002
614.547,1002
614.559,1006
614.572,1002
614.585,1006
614.598,1002
614.612,1002
614.624,1002
614.637,1006
614.65,1006
614.663,1006
614.676,1002
614.689,1002
614.702,1002
614.715,1002
614.728,1002
614.74,1006
614.753,1002
614.766,1002
614.779,1016
614.792,1002
614.805,1002
614.818,1002
614.831,1002
614.845,1006
614.857,1002
614.87,1006
614.883,1006
614.896,1002
614.909,1006
614.922,1006
614.935,1002
614.948,1002
614.961,1006
614.973,1006
614.987,1002
615,1002
615.013,1002
615.026,1006
615.038,1006
615.051,1006
615.064,1006
615.077,1002
615.09,1006
615.103,1002
615.116,1002
615.13,1006
615.142,1006
615.155,1002
615.168,1002
615.181,1002
615.195,1006
615.207,1002
615.221,1002
615.234,1006
615.247,1002
615.26,1006
615.272,1006
615.285,1002
615.298,1002
615.311,1006
615.324,1002
615.337,1006
615.35,1006
615.363,1006
615.376,1002
615.389,1006
615.402,1002
615.415,1002
615.428,1002
615.441,1006
615.454,1002
615.467,1002
615.48,1002
615.494,1006
615.506,1002
615.519,1006
615.532,1002
615.545,1002
615.558,1002
615.571,1002
615.584,1006
615.597,1002
615.61,1006
615.623,1002
615.635,1006
615.649,1002
615.662,1002
615.675,1006
615.688,1006
615.701,1002
615.714,1002
615.728,1002
615.74,1006
615.753,1006
615.766,1002
615.779,1012
615.792,1002
615.805,1002
615.818,1006
615.831,1006
615.845,1002
615.857,1002
615.87,1006
615.883,1002
615.896,1006
615.909,1006
615.922,1002
615.935,1006
615.948,1006
615.961,1002
615.974,1002
615.987,1002
616,1002
616.013,1002
616.026,1002
616.039,1002
616.052,1006
616.064,1006
616.078,1002
616.09,1006
616.103,1002
616.116,1006
616.13,1006
616.143,1002
616.156,1002
616.168,1002
616.181,1002
616.195,1006
616.207,1006
616.22,1002
616.233,1002
616.246,1002
616.259,1006
616.272,1006
616.285,1006
616.298,1002
616.311,1002
616.324,1006
616.337,1006
616.35,1006
616.363,1002
616.376,1002
616.389,1002
616.402,1002
616.415,1002
616.428,1006
616.441,1002
616.454,1002
616.467,1002
616.48,1006
616.493,1002
616.506,1006
616.519,1002
616.532,1006
616.545,1002
616.558,1006
616.572,1006
616.584,1002
616.597,1006
616.61,1006
616.623,1002
616.636,1006
616.649,1010
616.662,1006
616.675,1002
616.688,1002
616.701,1002
616.714,1002
616.727,1006
616.739,1006
616.752,1006
616.765,1006
616.779,1002
616.791,1006
616.804,1002
616.817,1006
616.83,1006
616.844,1002
616.856,1002
616.869,1002
616.882,1002
616.895,1002
616.908,1006
616.921,1006
616.934,1002
616.947,1002
616.96,1006
616.972,1006
616.985,1006
616.998,1006
617.011,1002
617.024,1002
617.037,1006
617.05,1006
617.063,1006
617.076,1006
617.089,1002
617.102,1002
617.115,1006
617.128,1002
617.141,1006
617.153,1002
617.166,1006
617.18,1016
617.192,1002
617.205,1006
617.218,1006
617.231,1006
617.244,1002
617.257,1002
617.27,1006
617.283,1006
617.296,1006
617.309,1002
617.322,1002
617.334,1002
617.348,1002
617.361,1002
617.374,1002
617.386,1006
617.4,1002
617.413,1002
617.426,1006
617.438,1002
617.451,1006
617.464,1002
617.478,1006
617.491,1002
617.503,1002
617.516,1002
617.53,1006
617.542,1006
617.555,1002
617.568,1002
617.581,1002
617.595,1002
617.607,1002
617.62,1006
617.633,1002
617.646,1002
617.659,1002
617.672,1006
617.685,1002
617.697,1006
617.711,1006
617.723,1002
617.736,1002
617.75,1006
617.763,1006
617.775,1006
617.788,1006
617.801,1002
617.814,1002
617.828,1006
617.841,1002
617.854,1002
617.867,1006
617.88,1016
617.892,1002
617.905,1002
617.919,1006
617.931,1002
617.944,1006
617.957,1002
617.97,1002
617.983,1006
617.996,1006
618.009,1002
618.022,1006
618.035,1002
618.048,1006
618.061,1002
618.074,1002
618.087,1006
618.1,1006
618.113,1006
618.126,1002
618.138,1002
618.152,1002
618.164,1006
618.178,1002
618.191,1002
618.204,1006
618.217,1006
618.23,1006
618.243,1006
618.256,1002
618.268,1002
618.281,1002
618.295,1002
618.307,1002
618.321,1006
618.334,1002
618.347,1002
618.36,1006
618.372,1002
618.385,1006
618.398,1006
618.412,1006
618.424,1006
618.437,1002
618.45,1006
618.463,1002
618.477,1006
618.489,1002
618.502,1006
618.515,1006
618.529,1002
618.541,1006
618.554,1006
618.567,1006
618.58,1002
618.594,1006
618.606,1006
618.619,1010
618.632,1006
618.646,1002
618.658,1002
618.671,1002
618.684,1002
618.697,1006
618.711,1002
618.723,1006
618.736,1002
618.749,1002
618.762,1006
618.775,1002
618.788,1006
618.801,1002
618.814,1002
618.827,1006
618.84,1006
618.853,1010
618.866,1002
618.879,1002
618.892,1002
618.905,1002
618.918,1006
618.931,1002
618.944,1002
618.957,1006
618.97,1006
618.983,1002
618.996,1002
619.009,1006
619.022,1002
619.035,1006
619.048,1002
619.061,1006
619.073,1002
619.087,1002
619.1,1002
619.113,1002
619.126,1002
619.138,1006
619.151,1006
619.164,1006
619.177,1002
619.19,1006
619.203,1002
619.217,1006
619.23,1002
619.242,1002
619.255,1002
619.268,1002
619.281,1002
619.294,1006
619.307,1002
619.32,1006
619.333,1006
619.346,1002
619.359,1006
619.372,1006
619.385,1006
619.398,1006
619.412,1002
619.424,1002
619.437,1002
619.45,1010
619.463,1006
619.476,1006
619.489,1002
619.502,1002
619.516,1006
619.529,1006
619.542,1006
619.555,1006
619.568,1002
619.581,1006
619.594,1002
619.607,1002
619.619,1006
619.632,1006
619.646,1002
619.658,1006
619.671,1002
619.684,1010
619.697,1010
619.71,1010
619.723,1010
619.736,806
619.749,806
619.762,806
619.774,810
619.787,806
619.8,806
619.813,806
619.827,806
619.839,806
619.852,806
619.865,806
619.878,806
619.891,806
619.904,810
619.917,806
619.93,806
619.943,806
619.956,810
619.969,806
619.982,806
619.995,810
620.007,806
620.02,806
620.033,806
620.047,806
620.059,806
620.072,806
620.085,806
620.098,806
620.111,806
620.124,806
620.137,806
620.15,806
620.163,810
620.175,806
620.188,806
620.201,806
620.214,806
620.227,806
620.24,806
620.253,806
620.266,806
620.279,806
620.292,806
620.305,806
620.318,806
620.331,806
620.344,806
620.357,806
620.37,806
620.383,806
620.396,806
620.409,806
620.421,806
620.434,806
620.447,806
620.461,806
620.473,810
620.486,806
620.499,806
620.512,806
620.525,806
620.538,806
620.551,806
620.564,806
620.576,810
620.589,806
620.602,806
620.615,810
620.629,806
620.641,806
620.654,806
620.667,806
620.68,806
620.693,806
620.706,806
620.719,806
620.732,806
620.745,810
620.758,806
620.771,806
620.784,806
620.797,806
620.81,806
620.822,806
620.836,810
620.848,806
620.862,806
620.874,806
620.887,806
620.9,806
620.913,810
620.927,806
620.939,806
620.952,810
620.965,806
620.979,806
620.991,810
621.004,806
621.017,806
621.03,806
621.043,806
621.056,806
621.069,806
621.082,810
621.095,806
621.108,806
621.121,806
621.134,810
621.147,806
621.16,810
621.173,806
621.186,806
621.199,806
621.212,810
621.224,806
621.237,806
621.25,806
621.263,806
621.277,806
621.289,806
621.302,806
621.315,806
621.328,810
621.341,806
621.354,810
621.367,806
621.38,806
621.394,806
621.406,806
621.419,806
621.432,810
621.446,806
621.458,806
621.471,806
621.484,806
621.497,806
621.51,806
621.523,806
621.536,806
621.549,806
621.562,806
621.575,806
621.588,810
621.601,806
621.614,810
621.627,810
621.639,806
621.652,810
621.665,810
621.679,806
621.691,806
621.704,806
621.717,806
621.731,810
621.744,806
621.756,806
621.769,806
621.783,806
621.796,806
621.808,806
621.821,806
621.834,806
621.847,806
621.861,806
621.873,806
621.886,806
621.899,806
621.912,806
621.925,806
621.938,806
621.951,810
621.964,806
621.977,806
621.99,806
622.003,806
622.016,806
622.029,806
622.042,806
622.055,806
622.068,810
622.081,806
622.094,806
622.107,806
622.12,810
622.132,806
622.146,806
622.158,806
622.172,806
622.184,806
622.198,806
622.211,806
622.223,806
622.236,806
622.249,806
622.262,806
622.275,806
622.288,806
622.301,806
622.314,806
622.333,806
622.34,806
622.353,806
622.366,806
622.38,806
622.392,806
622.405,806
622.419,806
622.431,806
622.444,806
622.457,806
622.47,806
622.483,806
622.496,806
622.509,806
622.522,806
622.535,806
622.548,806
622.561,806
622.576,806
622.587,806
622.6,806
622.613,806
622.625,810
622.638,806
622.652,806
622.664,806
622.677,806
622.69,806
622.703,806
622.716,806
622.729,806
622.742,806
622.755,806
622.768,806
622.781,806
622.794,806
622.806,806
622.82,806
622.832,806
622.845,806
622.858,806
622.872,810
622.884,806
622.897,806
622.91,806
622.923,806
622.936,806
622.949,806
622.962,806
622.975,806
622.988,806
623.001,806
623.013,806
623.027,810
623.04,810
623.053,806
623.066,806
623.079,806
623.091,806
623.105,806
623.117,806
623.13,806
623.143,806
623.156,806
623.169,806
623.182,806
623.195,806
623.208,806
623.221,806
623.234,810
623.247,806
623.26,806
623.273,806
623.286,810
623.299,806
623.312,806
623.325,806
623.338,806
623.351,806
623.363,806
623.376,806
623.389,806
623.402,806
623.415,806
623.428,806
623.441,806
623.454,806
623.467,806
623.48,806
623.492,806
623.505,806
623.519,806
623.531,806
623.544,810
623.557,806
623.57,806
623.583,806
623.596,806
623.609,806
623.622,806
623.635,806
623.648,806
623.661,806
623.674,806
623.687,806
623.7,806
623.712,810
623.725,802
623.738,806
623.752,806
623.764,806
623.777,806
623.79,806
623.803,806
623.816,806
623.829,806
623.842,810
623.855,810
623.868,806
623.881,806
623.894,806
623.907,806
623.921,806
623.933,806
623.946,806
623.959,806
623.972,806
623.985,806
623.998,806
624.011,806
624.024,806
624.037,810
624.05,806
624.063,806
624.076,806
624.089,806
624.102,806
624.115,810
624.128,806
624.141,806
624.154,806
624.167,806
624.18,806
624.193,806
624.206,806
624.219,806
624.232,806
624.245,806
624.258,806
624.271,806
624.284,806
624.297,806
624.309,810
624.322,806
624.335,806
624.348,806
624.361,806
624.374,806
624.387,806
624.4,806
624.413,806
624.426,806
624.439,806
624.452,806
624.465,806
624.478,806
624.491,806
624.504,806
624.517,806
624.53,806
624.543,806
624.556,806
624.569,806
624.582,810
624.595,806
624.607,806
624.621,806
624.634,806
624.646,806
624.66,806
624.672,810
624.686,806
624.698,806
624.711,806
624.724,810
624.738,806
624.75,806
624.763,806
624.776,810
624.789,806
624.803,806
624.816,806
624.829,810
624.842,806
624.855,806
624.868,806
624.881,806
624.894,806
624.907,806
624.92,806
624.932,806
624.945,806
624.958,806
624.972,806
624.984,806
624.997,806
625.01,806
625.023,806
625.036,806
625.049,806
625.062,806
625.075,806
625.088,806
625.101,806
625.114,810
625.127,806
625.141,806
625.154,806
625.167,806
625.18,806
625.193,806
625.206,806
625.219,810
625.231,806
625.244,806
625.257,806
625.271,810
625.283,806
625.296,806
625.309,806
625.322,806
625.335,806
625.348,806
625.361,806
625.374,806
625.387,806
625.4,806
625.413,806
625.426,806
625.439,806
625.452,806
625.465,806
625.478,806
625.491,806
625.504,806
625.517,806
625.53,806
625.543,810
625.556,806
625.569,810
625.582,806
625.595,806
625.607,806
625.621,806
625.633,806
625.646,806
625.659,806
625.672,806
625.685,806
625.698,806
625.711,810
625.724,806
625.737,810
625.749,806
625.762,802
625.775,806
625.788,806
625.802,806
625.814,806
625.827,806
625.84,806
625.853,810
625.866,806
625.879,806
625.892,806
625.905,810
625.918,810
625.931,806
625.943,806
625.956,806
625.97,806
625.982,806
625.995,806
626.008,806
626.021,806
626.034,806
626.047,806
626.06,806
626.073,806
626.086,806
626.099,806
626.112,806
626.125,806
626.138,806
626.151,806
626.163,806
626.177,806
626.19,806
626.203,806
626.216,806
626.229,806
626.242,810
626.255,806
626.268,806
626.28,806
626.293,806
626.306,806
626.319,810
626.332,806
626.345,806
626.358,806
626.371,806
626.384,806
626.396,806
626.409,806
626.422,806
626.436,806
626.448,806
626.461,810
626.474,806
626.487,806
626.5,806
626.513,806
626.526,806
626.539,806
626.552,806
626.565,806
626.578,806
626.591,806
626.604,806
626.617,806
626.629,806
626.642,806
626.655,810
626.668,806
626.681,806
626.694,806
626.707,806
626.721,802
626.734,806
626.746,806
626.759,810
626.772,806
626.785,806
626.798,806
626.811,806
626.824,806
626.837,806
626.85,806
626.863,806
626.876,806
626.889,806
626.902,806
626.915,806
626.927,806
626.94,806
626.954,806
626.966,806
626.979,806
626.992,806
627.005,806
627.019,806
627.031,806
627.044,806
627.057,806
627.07,806
627.083,806
627.096,806
627.109,806
627.122,810
627.135,806
627.148,806
627.161,802
627.175,806
627.188,806
627.201,806
627.213,806
627.227,806
627.24,806
627.253,806
627.266,806
627.279,810
627.292,806
627.305,802
627.318,806
627.331,806
627.344,806
627.357,806
627.37,802
627.383,806
627.396,806
627.408,806
627.422,806
627.434,806
627.448,806
627.461,802
627.474,806
627.487,806
627.5,806
627.513,806
627.526,806
627.539,806
627.552,806
627.565,806
627.578,806
627.59,806
627.604,806
627.617,806
627.63,806
627.643,806
627.656,806
627.669,806
627.682,806
627.695,806
627.708,806
627.721,806
627.734,806
627.747,806
627.76,806
627.773,806
627.786,806
627.799,806
627.812,806
627.824,806
627.838,806
627.85,806
627.863,806
627.876,806
627.889,806
627.903,806
627.916,806
627.928,806
627.941,806
627.955,806
627.968,806
627.98,806
627.993,806
628.006,806
628.019,806
628.032,806
628.045,806
628.058,806
628.071,806
628.084,806
628.097,806
628.11,810
628.123,806
628.136,810
628.149,806
628.162,806
628.175,810
628.188,806
628.201,806
628.213,806
628.227,806
628.24,810
628.253,806
628.266,806
628.279,806
628.292,806
628.305,806
628.318,806
628.331,806
628.344,806
628.357,806
628.37,806
628.383,810
628.396,806
628.409,806
628.422,806
628.435,806
628.447,806
628.46,806
628.473,806
628.487,806
628.499,806
628.512,806
628.525,806
628.538,806
628.551,806
628.564,806
628.577,806
628.59,806
628.603,806
628.616,806
628.629,806
628.641,806
628.655,806
628.667,806
628.68,806
628.693,806
628.706,806
628.719,806
628.732,806
628.745,806
628.758,806
628.771,806
628.784,806
628.797,806
628.81,806
628.823,806
628.836,806
628.849,806
628.861,806
628.874,806
628.888,806
628.9,806
628.913,810
628.926,806
628.939,810
628.953,806
628.965,810
628.978,806
628.991,806
629.004,806
629.017,806
629.03,806
629.043,806
629.056,806
629.069,806
629.081,810
629.095,806
629.107,806
629.12,806
629.133,806
629.146,806
629.159,806
629.172,806
629.185,806
629.198,806
629.211,806
629.224,806
629.237,806
629.25,810
629.263,806
629.276,806
629.289,806
629.302,810
629.314,806
629.327,806
629.34,806
629.354,806
629.366,806
629.379,806
629.392,806
629.405,806
629.418,810
629.431,806
629.444,806
629.457,806
629.47,806
629.482,806
629.495,806
629.508,806
629.521,806
629.534,806
629.547,806
629.56,806
629.573,806
629.586,806
629.599,806
629.612,806
629.625,806
629.638,806
629.651,806
629.663,806
629.676,806
629.689,806
629.703,806
629.715,810
629.728,806
629.741,806
629.755,806
629.767,802
629.78,806
629.793,806
629.806,806
629.82,806
629.833,806
629.846,806
629.859,806
629.872,806
629.885,810
629.897,806
629.91,806
629.923,806
629.936,806
629.949,806
629.962,806
629.975,806
629.988,810
630.002,806
630.015,806
630.027,806
630.04,806
630.054,806
630.066,806
630.079,806
630.092,806
630.105,806
630.118,806
630.131,806
630.144,806
630.157,806
630.17,806
630.183,806
630.196,806
630.209,806
630.222,806
630.235,806
630.248,806
630.261,806
630.274,806
630.287,806
630.3,806
630.312,806
630.325,806
630.338,806
630.352,806
630.365,806
630.378,806
630.391,806
630.404,806
630.417,806
630.43,810
630.443,806
630.456,806
630.469,806
630.481,806
630.494,806
630.507,806
630.521,806
630.533,810
630.546,806
630.559,806
630.572,810
630.586,806
630.598,806
630.611,806
630.624,810
630.637,806
630.65,806
630.663,806
630.676,806
630.689,806
630.703,806
630.715,806
630.728,802
630.741,806
630.755,806
630.767,806
630.78,806
630.793,806
630.806,806
630.819,806
630.832,806
630.845,810
630.858,806
630.871,810
630.884,806
630.897,806
630.91,806
630.922,810
630.936,806
630.948,810
630.961,806
630.974,806
630.988,806
631,806
631.013,806
631.026,806
631.04,802
631.053,806
631.066,806
631.079,806
631.092,806
631.105,806
631.117,806
631.13,806
631.143,806
631.156,806
631.17,806
631.183,806
631.196,806
631.208,806
631.222,806
631.235,806
631.247,806
631.26,806
631.273,806
631.286,806
631.299,806
631.312,806
631.325,806
631.338,806
631.352,806
631.365,810
631.377,806
631.39,806
631.404,802
631.417,806
631.429,806
631.442,806
631.455,806
631.469,806
631.481,802
631.494,806
631.507,806
631.52,806
631.533,806
631.546,806
631.559,806
631.572,806
631.585,806
631.597,806
631.61,806
631.623,806
631.637,806
631.649,806
631.662,806
631.675,806
631.688,806
631.702,806
631.714,806
631.727,802
631.74,806
631.754,806
631.766,806
631.779,806
631.792,806
631.805,810
631.818,806
631.831,806
631.844,806
631.857,806
631.87,806
631.883,806
631.896,806
631.909,806
631.922,806
631.935,806
631.947,806
631.96,806
631.973,806
631.986,806
631.999,810
632.012,806
632.025,806
632.038,806
632.051,810
632.064,806
632.076,806
632.089,806
632.103,806
632.116,810
632.128,806
632.141,806
632.154,806
632.167,806
632.18,806
632.193,806
632.206,806
632.219,806
632.232,806
632.245,806
632.258,806
632.271,806
632.284,806
632.296,806
632.309,806
632.323,806
632.335,810
632.348,806
632.361,806
632.374,806
632.387,806
632.4,802
632.413,806
632.426,810
632.439,806
632.452,806
632.464,806
632.477,810
632.49,806
632.503,806
632.517,806
632.529,806
632.542,806
632.555,806
632.569,806
632.581,806
632.594,806
632.607,806
632.621,806
632.633,806
632.646,810
632.659,806
632.672,806
632.685,806
632.698,806
632.711,806
632.724,806
632.737,806
632.75,806
632.763,806
632.776,810
632.789,806
632.803,806
632.815,806
632.828,806
632.841,806
632.854,806
632.867,806
632.88,806
632.893,806
632.906,806
632.919,806
632.932,806
632.945,810
632.958,806
632.971,806
632.984,806
632.997,810
633.01,806
633.022,810
633.036,810
633.048,806
633.061,806
633.075,810
633.088,806
633.101,806
633.113,806
633.126,806
633.139,806
633.152,806
633.165,810
633.178,806
633.191,806
633.204,806
633.217,806
633.23,806
633.243,806
633.256,806
633.269,806
633.282,806
633.295,806
633.308,806
633.321,806
633.334,806
633.347,806
633.36,802
633.373,806
633.386,806
633.399,806
633.412,806
633.425,806
633.438,806
633.452,806
633.464,806
633.477,806
633.49,806
633.503,806
633.516,806
633.53,806
633.543,810
633.556,806
633.569,806
633.582,806
633.595,806
633.607,806
633.621,806
633.634,806
633.647,806
633.659,806
633.672,806
633.686,806
633.698,806
633.711,810
633.724,806
633.737,806
633.75,806
633.763,806
633.776,806
633.789,806
633.803,806
633.815,806
633.828,806
633.841,806
633.855,806
633.868,806
633.88,806
633.893,806
633.906,806
633.92,806
633.932,810
633.945,806
633.958,802
633.971,806
633.984,810
633.997,806
634.01,806
634.023,806
634.036,806
634.049,806
634.061,806
634.075,806
634.088,806
634.101,806
634.113,806
634.126,806
634.14,806
634.153,806
634.166,806
634.179,802
634.192,806
634.205,806
634.218,806
634.23,806
634.243,806
634.256,806
634.27,806
634.283,806
634.295,806
634.308,806
634.322,806
634.334,806
634.347,806
634.36,810
634.373,806
634.386,806
634.399,806
634.412,806
634.425,806
634.438,806
634.451,806
634.463,806
634.477,806
634.489,806
634.503,806
634.515,806
634.528,806
634.541,806
634.554,806
634.567,806
634.58,806
634.593,806
634.606,806
634.619,810
634.632,806
634.644,806
634.657,806
634.671,806
634.684,806
634.697,806
634.71,806
634.723,806
634.736,806
634.749,806
634.762,806
634.774,806
634.788,806
634.8,806
634.813,806
634.826,806
634.839,806
634.852,806
634.865,810
634.878,806
634.891,806
634.904,802
634.917,806
634.93,806
634.942,806
634.955,806
634.969,806
634.981,806
634.994,806
635.007,806
635.02,806
635.033,810
635.046,806
635.059,806
635.072,806
635.085,810
635.098,806
635.111,806
635.124,806
635.137,806
635.15,810
635.163,806
635.175,810
635.188,806
635.202,806
635.214,806
635.227,810
635.24,806
635.253,806
635.266,810
635.279,806
635.292,806
635.305,806
635.318,806
635.33,806
635.343,806
635.356,806
635.37,810
635.382,806
635.395,806
635.408,806
635.421,806
635.434,806
635.447,806
635.46,806
635.473,806
635.486,806
635.499,806
635.512,806
635.525,806
635.538,806
635.551,806
635.563,810
635.577,802
635.59,806
635.603,806
635.616,806
635.628,806
635.641,806
635.655,806
635.667,806
635.68,806
635.693,806
635.706,806
635.72,806
635.732,810
635.745,806
635.758,806
635.771,802
635.784,806
635.797,806
635.81,810
635.823,806
635.836,806
635.849,806
635.862,806
635.875,806
635.888,806
635.902,806
635.914,806
635.927,806
635.94,806
635.953,810
635.966,806
635.979,806
635.992,806
636.005,806
636.018,806
636.031,806
636.044,806
636.057,806
636.07,806
636.083,806
636.095,806
636.108,806
636.122,806
636.134,806
636.147,806
636.16,806
636.173,806
636.186,806
636.199,806
636.212,806
636.225,806
636.238,806
636.252,806
636.264,806
636.277,806
636.29,806
636.303,806
636.316,806
636.329,806
636.342,806
636.355,806
636.368,810
636.381,806
636.394,810
636.407,806
636.42,810
636.432,806
636.445,806
636.458,806
636.471,806
636.485,806
636.497,802
636.51,806
636.523,806
636.537,806
636.549,806
636.562,806
636.575,806
636.588,806
636.602,806
636.615,806
636.628,806
636.64,810
636.653,806
636.666,806
636.679,806
636.692,810
636.705,806
636.718,806
636.731,806
636.748,806
636.757,806
636.77,806
636.787,806
636.796,806
636.809,806
636.822,806
636.835,806
636.848,806
636.861,810
636.874,806
636.887,806
636.899,806
636.913,810
636.925,806
636.939,806
636.951,810
636.965,806
636.978,806
636.991,806
637.003,810
637.016,806
637.029,806
637.042,806
637.055,810
637.068,806
637.081,806
637.094,806
637.107,806
637.12,806
637.133,806
637.146,806
637.159,806
637.172,806
637.185,806
637.198,810
637.212,806
637.225,806
637.237,806
637.25,810
637.268,806
637.287,806
637.289,806
637.307,806
637.315,806
637.33,806
637.341,806
637.354,806
637.367,806
637.38,806
637.393,806
637.406,806
637.419,806
637.432,806
637.445,806
637.457,806
637.47,806
637.484,806
637.497,806
637.509,806
637.522,806
637.535,806
637.548,806
637.561,806
637.574,806
637.587,806
637.6,806
637.613,806
637.626,806
637.639,806
637.652,806
637.665,810
637.678,806
637.691,806
637.704,806
637.716,806
637.73,806
637.743,806
637.755,806
637.768,806
637.781,806
637.794,806
637.807,806
637.82,806
637.833,806
637.846,806
637.859,806
637.872,806
637.885,806
637.898,806
637.911,806
637.923,806
637.936,806
637.949,806
637.962,806
637.975,806
637.988,802
638.001,802
638.014,806
638.027,810
638.04,806
638.053,806
638.066,806
638.079,806
638.091,806
638.104,806
638.117,806
638.131,806
638.144,806
638.156,806
638.169,806
638.182,806
638.195,810
638.208,806
638.221,806
638.234,806
638.247,806
638.26,806
638.273,802
638.285,806
638.298,806
638.312,806
638.324,806
638.337,806
638.35,806
638.363,810
638.376,806
638.389,806
638.402,806
638.415,806
638.428,806
638.441,806
638.454,806
638.467,806
638.48,806
638.493,806
638.505,810
638.519,806
638.532,806
638.545,806
638.558,806
638.571,806
638.584,806
638.597,806
638.609,806
638.622,806
638.635,810
638.648,806
638.662,806
638.674,806
638.687,810
638.7,810
638.713,806
638.727,806
638.739,806
638.752,806
638.765,806
638.778,806
638.791,806
638.804,806
638.817,806
638.83,806
638.843,806
638.856,806
638.869,806
638.881,810
638.895,806
638.907,806
638.92,806
638.933,806
638.947,802
638.959,806
638.973,806
638.986,806
638.999,806
639.012,806
639.025,806
639.038,806
639.051,806
639.064,806
639.077,806
639.09,806
639.102,806
639.115,806
639.129,806
639.141,806
639.154,810
639.167,806
639.181,806
639.194,802
639.206,806
639.219,806
639.232,806
639.246,806
639.259,806
639.272,806
639.285,806
639.298,810
639.311,806
639.323,806
639.336,806
639.349,806
639.363,806
639.375,810
639.388,806
639.401,806
639.414,806
639.427,810
639.44,806
639.453,806
639.466,806
639.479,806
639.492,806
639.505,806
639.518,806
639.531,806
639.544,806
639.557,806
639.57,806
639.583,806
639.596,806
639.609,806
639.622,810
639.635,806
639.648,810
639.661,802
639.673,806
639.686,810
639.699,806
639.713,806
639.726,806
639.739,806
639.752,806
639.765,806
639.778,806
639.791,806
639.803,806
639.816,806
639.83,802
639.842,810
639.855,806
639.868,806
639.882,806
639.895,810
639.907,806
639.92,806
639.933,806
639.947,806
639.959,806
639.972,806
639.985,806
639.998,806
640.011,806
640.024,806
640.037,806
640.05,806
640.063,806
640.076,806
640.089,806
640.102,806
640.115,806
640.128,806
640.14,806
640.154,806
640.167,806
640.18,806
640.193,806
640.206,806
640.219,806
640.232,806
640.245,806
640.257,806
640.27,806
640.283,810
640.297,806
640.309,806
640.322,806
640.335,810
640.348,806
640.362,806
640.374,806
640.387,806
640.4,806
640.413,806
640.426,806
640.439,806
640.452,806
640.464,806
640.478,802
640.49,806
640.503,806
640.516,806
640.529,806
640.542,806
640.555,806
640.568,806
640.581,806
640.594,810
640.607,806
640.62,806
640.633,806
640.646,810
640.659,806
640.671,806
640.684,806
640.697,806
640.711,806
640.723,806
640.736,810
640.749,806
640.762,810
640.775,806
640.788,810
640.801,806
640.814,810
640.827,806
640.839,806
640.852,806
640.865,806
640.879,806
640.891,806
640.904,806
640.917,806
640.93,806
640.943,806
640.956,810
640.969,806
640.982,806
640.995,806
641.008,810
641.021,806
641.034,806
641.047,802
641.059,806
641.072,806
641.085,806
641.098,806
641.111,806
641.124,806
641.137,806
641.15,806
641.163,806
641.176,806
641.189,802
641.202,806
641.214,806
641.228,806
641.24,806
641.253,806
641.266,806
641.279,806
641.292,806
641.305,806
641.318,806
641.331,806
641.344,802
641.357,806
641.37,810
641.383,806
641.396,806
641.408,806
641.421,806
641.434,806
641.447,806
641.46,806
641.473,806
641.486,810
641.499,806
641.512,806
641.525,806
641.538,810
641.551,806
641.564,806
641.577,806
641.589,806
641.603,806
641.615,806
641.629,806
641.642,806
641.655,810
641.668,806
641.681,806
641.694,806
641.706,806
641.719,806
641.732,806
641.745,806
641.758,806
641.772,810
641.785,806
641.798,806
641.811,806
641.823,806
641.836,806
641.849,806
641.862,806
641.876,806
641.888,806
641.901,806
641.915,806
641.928,806
641.941,806
641.954,806
641.967,806
641.98,806
641.992,806
642.005,806
642.018,806
642.031,806
642.044,806
642.057,806
642.07,806
642.083,806
642.096,806
642.109,806
642.122,806
642.135,806
642.148,810
642.161,806
642.174,806
642.187,806
642.2,810
642.213,806
642.226,806
642.239,806
642.252,806
642.265,806
642.278,806
642.29,806
642.303,806
642.316,806
642.329,806
642.342,806
642.355,806
642.368,806
642.381,806
642.395,802
642.407,806
642.42,806
642.433,806
642.447,806
642.459,806
642.472,806
642.485,810
642.498,806
642.511,806
642.524,806
642.537,810
642.55,806
642.563,806
642.576,806
642.589,806
642.602,806
642.614,806
642.628,806
642.64,806
642.654,806
642.667,806
642.68,806
642.693,800
642.706,806
642.719,806
642.732,806
642.745,806
642.758,806
642.771,806
642.784,806
642.797,806
642.809,806
642.822,806
642.835,806
642.848,806
642.862,806
642.874,802
642.887,806
642.901,806
642.914,806
642.927,806
642.939,806
642.953,810
642.965,806
642.979,806
642.992,810
643.004,806
643.018,806
643.03,810
643.043,806
643.056,806
643.069,806
643.082,806
643.095,806
643.108,806
643.121,806
643.134,806
643.147,806
643.16,806
643.173,806
643.186,806
643.199,806
643.212,806
643.225,806
643.238,806
643.251,806
643.264,806
643.277,806
643.29,806
643.302,806
643.316,806
643.328,806
643.341,806
643.355,806
643.368,806
643.38,806
643.393,806
643.406,806
643.419,806
643.432,806
643.445,806
643.458,806
643.471,810
643.484,806
643.497,806
643.51,806
643.522,806
643.535,802
643.573,806
643.573,806
643.575,806
643.587,806
643.6,806
643.613,810
643.626,806
643.639,806
643.652,806
643.665,806
643.678,806
643.691,806
643.704,806
643.716,806
643.729,810
643.742,806
643.755,806
643.768,806
643.781,810
643.794,806
643.807,806
643.82,806
643.833,806
643.846,806
643.859,806
643.872,806
643.884,806
643.898,806
643.91,806
643.924,806
643.936,806
643.949,806
643.962,806
643.975,806
643.988,806
644.001,806
644.014,806
644.026,806
644.04,806
644.053,806
644.065,806
644.078,806
644.091,806
644.104,806
644.117,806
644.13,806
644.143,806
644.156,806
644.169,806
644.182,806
644.195,806
644.208,806
644.221,806
644.233,806
644.246,806
644.259,806
644.272,806
644.285,806
644.298,806
644.311,806
644.324,806
644.337,806
644.35,806
644.363,806
644.376,806
644.389,806
644.402,806
644.415,806
644.427,806
644.44,806
644.454,806
644.466,806
644.479,806
644.492,806
644.505,806
644.518,806
644.531,806
644.544,810
644.557,806
644.571,806
644.584,806
644.597,806
644.61,806
644.623,806
644.636,806
644.648,810
644.661,806
644.674,806
644.687,806
644.7,806
644.713,806
644.726,806
644.739,806
644.752,806
644.765,806
644.778,806
644.791,806
644.804,806
644.817,806
644.83,806
644.843,806
644.856,806
644.869,806
644.882,806
644.895,806
644.908,806
644.921,806
644.934,806
644.946,806
644.959,806
644.973,806
644.986,806
644.998,802
645.011,806
645.024,806
645.038,806
645.051,806
645.063,806
645.076,806
645.09,806
645.102,806
645.115,806
645.128,806
645.141,806
645.154,806
645.167,806
645.18,806
645.193,802
645.206,806
645.219,806
645.232,806
645.245,806
645.258,806
645.271,806
645.284,806
645.297,806
645.31,806
645.323,806
645.336,806
645.349,802
645.362,806
645.375,806
645.388,806
645.401,806
645.413,806
645.426,806
645.44,806
645.454,806
645.466,806
645.479,806
645.492,806
645.505,806
645.518,806
645.531,806
645.544,806
645.557,806
645.57,806
645.582,810
645.595,806
645.608,806
645.622,806
645.635,810
645.647,806
645.66,806
645.674,806
645.686,806
645.699,806
645.712,806
645.725,806
645.738,806
645.751,806
645.764,806
645.777,806
645.791,806
645.803,806
645.816,806
645.829,806
645.842,806
645.856,810
645.868,806
645.881,806
645.894,806
645.907,806
645.92,806
645.933,806
645.946,806
645.959,806
645.972,806
645.985,806
645.998,806
646.011,806
646.024,810
646.037,806
646.05,806
646.063,806
646.076,810
646.089,802
646.102,806
646.115,806
646.128,806
646.141,806
646.154,802
646.167,806
646.18,806
646.193,806
646.206,806
646.219,806
646.231,806
646.244,810
646.258,806
646.271,806
646.283,806
646.296,810
646.309,806
646.322,806
646.335,806
646.348,802
646.361,806
646.374,806
646.387,806
646.4,806
646.413,806
646.425,806
646.439,806
646.452,806
646.465,806
646.477,806
646.49,806
646.504,806
646.516,806
646.529,806
646.542,806
646.555,802
646.568,806
646.581,806
646.594,806
646.607,806
646.62,806
646.633,806
646.645,806
646.658,806
646.672,806
646.684,810
646.697,806
646.71,806
646.723,806
646.736,806
646.749,806
646.762,806
646.775,806
646.788,806
646.801,806
646.813,806
646.826,806
646.839,806
646.853,806
646.865,806
646.878,806
646.891,806
646.904,806
646.917,806
646.93,806
646.943,806
646.956,810
646.969,806
646.982,806
646.995,806
647.008,806
647.021,806
647.033,806
647.046,806
647.059,806
647.072,810
647.085,806
647.098,806
647.111,806
647.124,806
647.137,806
647.15,806
647.162,806
647.175,802
647.189,806
647.201,806
647.214,806
647.227,806
647.24,810
647.254,806
647.266,806
647.279,806
647.292,806
647.305,806
647.318,806
647.331,806
647.344,806
647.357,806
647.37,806
647.383,806
647.396,806
647.409,806
647.422,806
647.435,806
647.448,806
647.461,806
647.474,806
647.487,806
647.5,806
647.513,810
647.526,806
647.539,806
647.552,806
647.565,806
647.577,806
647.59,806
647.604,806
647.616,806
647.629,806
647.642,806
647.655,806
647.668,806
647.681,806
647.694,806
647.707,806
647.72,806
647.733,806
647.746,810
647.758,806
647.772,806
647.785,806
647.797,806
647.81,806
647.824,806
647.838,806
647.85,806
647.863,806
647.876,806
647.889,806
647.902,810
647.915,806
647.928,806
647.941,806
647.954,806
647.967,806
647.98,806
647.993,806
648.006,806
648.019,806
648.032,806
648.044,806
648.057,806
648.071,806
648.084,806
648.096,806
648.109,806
648.123,806
648.135,806
648.148,806
648.161,806
648.174,806
648.188,806
648.2,806
648.213,806
648.226,806
648.239,810
648.253,806
648.266,806
648.279,806
648.292,806
648.305,806
648.318,810
648.331,806
648.344,806
648.357,806
648.37,806
648.382,806
648.395,806
648.408,806
648.422,806
648.435,806
648.447,806
648.46,806
648.473,806
648.487,806
648.499,806
648.512,806
648.525,806
648.538,806
648.551,802
648.564,806
648.577,806
648.59,810
648.603,806
648.616,806
648.629,806
648.642,806
648.655,806
648.668,806
648.681,806
648.694,806
648.707,806
648.721,806
648.733,806
648.746,806
648.759,806
648.772,806
648.785,806
648.798,806
648.811,806
648.824,806
648.837,806
648.85,802
648.863,806
648.876,806
648.889,810
648.902,806
648.915,806
648.928,806
648.941,806
648.954,806
648.967,806
648.98,806
648.992,806
649.006,806
649.019,806
649.031,806
649.045,806
649.058,806
649.071,806
649.084,806
649.096,806
649.109,806
649.123,806
649.135,806
649.148,806
649.161,806
649.174,806
649.187,802
649.2,806
649.213,806
649.226,810
649.239,806
649.252,806
649.265,806
649.277,810
649.29,806
649.304,806
649.316,806
649.329,806
649.342,806
649.355,806
649.368,806
649.381,806
649.394,806
649.407,806
649.42,806
649.433,806
649.446,806
649.459,806
649.472,810
649.485,810
649.497,806
649.51,806
649.523,806
649.536,806
649.549,806
649.562,806
649.575,806
649.588,810
649.601,806
649.614,806
649.626,806
649.64,810
649.653,806
649.665,806
649.678,806
649.691,806
649.704,806
649.717,806
649.73,806
649.743,806
649.756,806
649.769,806
649.782,806
649.795,806
649.808,806
649.821,806
649.834,810
649.847,806
649.86,806
649.873,806
649.886,806
649.898,806
649.911,806
649.924,806
649.938,806
649.95,806
649.963,806
649.976,806
649.989,806
650.002,806
650.015,806
650.028,806
650.041,806
650.054,806
650.066,806
650.079,806
650.092,806
650.105,806
650.118,806
650.131,806
650.144,806
650.157,806
650.17,806
650.183,806
650.196,806
650.209,806
650.222,806
650.235,806
650.248,806
650.261,806
650.274,806
650.287,810
650.3,806
650.313,806
650.326,806
650.339,810
650.352,806
650.365,806
650.378,806
650.391,806
650.404,802
650.417,806
650.43,806
650.443,806
650.456,806
650.469,806
650.481,806
650.494,806
650.508,810
650.521,806
650.533,806
650.546,806
650.559,810
650.572,806
650.585,806
650.598,806
650.611,806
650.625,806
650.638,806
650.65,806
650.663,806
650.676,806
650.689,806
650.702,806
650.715,806
650.728,810
650.741,806
650.754,806
650.767,806
650.78,806
650.793,806
650.806,806
650.819,806
650.831,806
650.844,806
650.857,806
650.87,810
650.883,806
650.897,806
650.91,802
650.923,806
650.936,806
650.949,806
650.962,806
650.975,806
650.988,806
651.001,806
651.014,806
651.027,806
651.04,806
651.053,806
651.066,806
651.08,806
651.093,806
651.106,806
651.119,806
651.132,806
651.145,806
651.158,806
651.171,806
651.184,806
651.197,806
651.21,806
651.223,806
651.236,806
651.249,810
651.262,806
651.275,806
651.288,806
651.301,806
651.314,806
651.327,810
651.34,806
651.353,810
651.366,806
651.379,806
651.392,806
651.405,802
651.418,802
651.431,806
651.444,806
651.457,806
651.47,806
651.482,806
651.495,806
651.508,806
651.522,806
651.534,806
651.547,806
651.56,806
651.573,810
651.587,806
651.599,806
651.612,806
651.625,806
651.638,806
651.651,802
651.664,806
651.677,806
651.69,806
651.703,806
651.716,806
651.729,806
651.742,806
651.755,806
651.768,806
651.781,806
651.794,806
651.807,806
651.82,802
651.832,802
651.845,806
651.858,806
651.872,806
651.884,810
651.897,806
651.91,806
651.923,806
651.936,806
651.949,810
651.963,806
651.976,806
651.989,810
652.002,806
652.015,806
652.028,806
652.041,806
652.056,810
652.068,806
652.079,806
652.093,806
652.105,806
652.118,806
652.131,806
652.144,806
652.157,806
652.17,806
652.183,806
652.196,806
652.209,806
652.222,806
652.235,806
652.248,810
652.261,806
652.274,806
652.286,806
652.299,806
652.312,806
652.325,806
652.338,806
652.352,806
652.364,806
652.377,806
652.39,806
652.403,806
652.416,806
652.429,806
652.442,806
652.455,806
652.47,806
652.48,806
652.493,806
652.507,806
652.52,806
652.532,806
652.545,806
652.558,806
652.571,806
652.586,806
652.597,806
652.638,806
652.641,806
652.641,806
652.707,806
652.707,802
652.707,806
652.707,806
652.707,806
652.719,806
652.726,806
652.739,806
652.752,806
652.765,806
652.778,806
652.791,806
652.804,810
652.817,806
652.83,806
652.843,806
652.856,806
652.868,806
652.881,806
652.895,806
652.907,806
652.92,806
652.933,806
652.946,806
652.959,806
652.972,810
652.985,806
652.998,806
653.011,806
653.024,806
653.036,806
653.05,806
653.063,806
653.076,806
653.089,806
653.102,806
653.115,810
653.128,806
653.14,806
653.153,806
653.166,806
653.18,806
653.192,806
653.205,806
653.218,806
653.231,806
653.245,806
653.257,806
653.27,806
653.283,806
653.297,806
653.309,806
653.322,806
653.335,806
653.348,806
653.361,806
653.374,806
653.387,806
653.4,806
653.413,806
653.426,806
653.439,806
653.452,806
653.465,806
653.478,806
653.49,806
653.503,806
653.517,806
653.53,810
653.542,806
653.555,806
653.568,806
653.581,810
653.595,806
653.607,806
653.62,806
653.633,806
653.646,806
653.659,806
653.672,810
653.685,806
653.698,806
653.711,806
653.725,806
653.738,806
653.751,806
653.764,806
653.777,1628
653.789,1006
653.802,954
653.816,964
653.828,954
653.841,956
653.855,954
653.867,954
653.88,956
653.894,956
653.906,956
653.919,954
653.932,956
653.945,954
653.958,954
653.971,954
653.984,956
653.997,956
654.011,954
654.023,954
654.036,956
654.049,954
654.062,954
654.075,960
654.089,956
654.102,956
654.115,956
654.128,954
654.14,956
654.153,956
654.167,954
654.18,954
654.193,954
654.206,956
654.219,954
654.232,956
654.245,954
654.258,954
654.271,956
654.284,956
654.297,954
654.31,954
654.323,954
654.336,956
654.349,956
654.362,956
654.375,964
654.387,956
654.4,954
654.413,954
654.427,954
654.439,956
654.452,954
654.465,956
654.479,954
654.491,954
654.504,956
654.517,956
654.53,956
654.543,954
654.556,956
654.569,956
654.582,954
654.595,956
654.608,956
654.621,960
654.634,954
654.647,956
654.66,954
654.673,956
654.686,956
654.699,954
654.712,954
654.725,954
654.737,954
654.75,954
654.763,956
654.776,954
654.79,956
654.803,956
654.816,954
654.829,956
654.842,956
654.855,956
654.868,954
654.881,954
654.894,956
654.907,956
654.92,954
654.933,954
654.946,956
654.959,954
654.971,956
654.985,954
654.997,956
655.011,954
655.026,956
655.036,956
655.049,954
655.062,956
655.075,960
655.088,956
655.101,956
655.114,954
655.127,954
655.14,956
655.153,954
655.166,956
655.179,954
655.192,954
655.204,956
655.217,1010
655.23,956
655.243,956
655.256,1006
655.271,954
655.282,956
655.295,960
655.308,954
655.321,956
655.334,954
655.347,956
655.36,956
655.373,954
655.386,956
655.399,954
655.412,954
655.425,956
655.438,986
655.451,956
655.464,956
655.477,1006
655.489,954
655.502,956
655.516,1012
655.528,956
655.541,956
655.554,956
655.567,956
655.58,956
655.593,954
655.606,956
655.619,954
655.632,954
655.645,956
655.657,954
655.67,956
655.683,954
655.697,954
655.709,956
655.722,954
655.735,964
655.748,956
655.761,956
655.774,956
655.787,954
655.8,954
655.813,956
655.826,956
655.839,954
655.852,956
655.865,954
655.878,956
655.89,956
655.903,954
655.916,956
655.929,956
655.942,954
655.955,956
655.968,954
655.981,956
655.994,954
656.007,956
656.02,956
656.032,956
656.046,956
656.058,956
656.071,954
656.084,954
656.097,954
656.11,954
656.123,956
656.136,956
656.149,956
656.162,954
656.175,960
656.188,954
656.201,954
656.214,956
656.227,956
656.24,954
656.253,956
656.266,956
656.279,954
656.292,954
656.305,956
656.318,956
656.331,956
656.344,956
656.357,954
656.37,956
656.383,956
656.396,984
656.409,956
656.422,956
656.434,956
656.448,956
656.46,956
656.473,956
656.486,956
656.5,956
656.513,956
656.526,954
656.539,956
656.551,954
656.565,956
656.578,954
656.59,954
656.603,956
656.616,954
656.629,956
656.643,956
656.656,956
656.669,954
656.682,956
656.695,954
656.707,954
656.72,956
656.733,954
656.747,956
656.759,954
656.772,954
656.785,954
656.798,954
656.811,954
656.825,956
656.838,954
656.85,956
656.864,956
656.877,956
656.889,956
656.902,956
656.915,960
656.929,956
656.941,956
656.954,956
656.967,956
656.981,956
656.993,956
657.006,956
657.019,1010
657.032,956
657.045,956
657.058,1010
657.071,956
657.084,956
657.098,1012
657.111,956
657.123,956
657.136,1006
657.15,956
657.163,954
657.176,992
657.188,956
657.202,956
657.215,956
657.228,954
657.241,956
657.254,956
657.267,956
657.281,956
657.293,956
657.306,956
657.319,954
657.332,956
657.345,956
657.358,956
657.371,956
657.384,956
657.397,1010
657.41,954
657.423,956
657.436,956
657.449,954
657.462,954
657.474,964
657.487,956
657.5,956
657.514,956
657.526,954
657.539,956
657.553,956
657.566,956
657.579,956
657.592,954
657.605,954
657.618,954
657.631,956
657.644,956
657.657,954
657.669,956
657.683,954
657.695,960
657.708,956
657.721,954
657.734,954
657.747,954
657.76,956
657.773,956
657.786,956
657.799,956
657.812,956
657.825,956
657.838,954
657.851,954
657.864,956
657.877,956
657.89,956
657.903,954
657.916,954
657.929,954
657.942,956
657.955,956
657.968,954
657.981,960
657.994,956
658.006,956
658.02,956
658.032,956
658.046,956
658.058,956
658.071,956
658.084,956
658.097,956
658.11,954
658.123,956
658.136,956
658.149,956
658.162,956
658.175,964
658.188,956
658.201,956
658.214,954
658.227,954
658.24,956
658.253,956
658.266,954
658.279,954
658.292,956
658.305,960
658.318,956
658.331,956
658.344,954
658.357,956
658.369,954
658.382,956
658.395,956
658.408,956
658.421,956
658.434,956
658.447,956
658.46,954
658.473,956
658.486,956
658.499,956
658.512,956
658.524,956
658.537,956
658.55,954
658.564,956
658.576,956
658.589,954
658.602,956
658.615,956
658.628,954
658.641,954
658.654,956
658.667,956
658.68,956
658.693,954
658.706,956
658.719,956
658.732,956
658.745,956
658.757,956
658.77,956
658.783,954
658.796,1006
658.809,954
658.822,956
658.835,970
658.848,956
658.861,956
658.874,956
658.887,956
658.9,974
658.913,956
658.925,956
658.938,1010
658.951,956
658.964,956
658.978,1016
658.99,954
659.003,956
659.016,1010
659.029,956
659.042,956
659.055,956
659.068,956
659.081,954
659.094,954
659.107,956
659.119,956
659.133,954
659.145,956
659.158,956
659.171,954
659.184,956
659.197,1056
659.21,1002
659.223,1002
659.236,1002
659.25,1002
659.263,1002
659.276,1006
659.289,1002
659.301,1002
659.315,1006
659.327,1002
659.34,1002
659.353,1002
659.366,1002
659.379,1002
659.392,1002
659.405,1002
659.418,1002
659.431,1006
659.444,1002
659.457,1002
659.47,1006
659.483,1002
659.496,1006
659.509,1002
659.522,1006
659.535,1006
659.548,1002
659.561,1002
659.574,1002
659.587,1002
659.6,1002
659.613,1006
659.626,1006
659.638,1002
659.651,1002
659.665,1006
659.678,1006
659.69,1002
659.703,1002
659.716,1002
659.729,1002
659.743,1006
659.756,1006
659.769,1002
659.782,1002
659.795,1002
659.807,1002
659.82,1002
659.833,1006
659.846,1006
659.859,1002
659.872,1002
659.885,1002
659.898,1002
659.911,1002
659.926,1006
659.939,1006
659.952,1002
659.965,1002
659.978,1002
659.99,1002
660.003,1002
660.016,1006
660.03,1006
660.043,1006
660.055,1002
660.068,1006
660.082,1002
660.094,1002
660.107,1002
660.12,1006
660.133,1002
660.146,1006
660.159,1002
660.172,1006
660.185,1006
660.198,1006
660.211,1002
660.224,1006
660.237,1002
660.25,1002
660.263,1002
660.276,1006
660.289,1002
660.302,1002
660.315,1002
660.328,1006
660.341,1002
660.354,1002
660.367,1002
660.38,1002
660.393,1002
660.406,1006
660.419,1006
660.432,1006
660.445,1002
660.457,1006
660.47,1002
660.483,1002
660.497,1006
660.509,1002
